avg_duration,avg_soc_increase,fast_charge_ratio,avg_risk_score
2.2693773889553506,26.01157808613296,32.57575757575758,19.583333333333332
